article_number,article_title,article_text
Art. 1,  Art. 1 Zweck,"1 Dieses Gesetz soll:
2 Es soll ausserdem dazu beitragen, dass Menschen und erhebliche Sachwerte vor Lawinen, Rutschungen, Erosion und Steinschlag (Naturereignisse) geschützt werden."
Art. 2,  Art. 2 Begriff des Waldes,"1 Als Wald gilt jede Fläche, die mit Waldbäumen oder Waldsträuchern bestockt ist und Waldfunktionen erfüllen kann. Entstehung, Nutzungsart und Bezeichnung im Grundbuch sind nicht massgebend.
2 Als Wald gelten auch:
3 Nicht als Wald gelten isolierte Baum- und Strauchgruppen, Hecken, Alleen, Garten-, Grün- und Parkanlagen, Baumkulturen, die auf offenem Land zur kurzfristigen Nutzung angelegt worden sind, sowie Bäume und Sträucher auf Einrichtungen zur Stauhaltung und in deren unmittelbarem Vorgelände.
4 Innerhalb des vom Bundesrat festgesetzten Rahmens können die Kantone bestimmen, ab welcher Breite, welcher Fläche und welchem Alter eine einwachsende Fläche sowie ab welcher Breite und welcher Fläche eine andere Bestockung als Wald gilt. Erfüllt die Bestockung in besonderem Masse Wohlfahrts- oder Schutzfunktionen, so sind die kantonalen Kriterien nicht massgebend."
Art. 3,  Art. 3 Erhaltung des Waldes,Die Waldfläche soll nicht vermindert werden.
Art. 4,  Art. 4 Begriff der Rodung,Als Rodung gilt die dauernde oder vorübergehende Zweckentfremdung von Waldboden.
Art. 5,  Art. 5 Rodungsverbot und Ausnahmebewilligungen,"1 Rodungen sind verboten.
2 Eine Ausnahmebewilligung darf erteilt werden, wenn der Gesuchsteller nachweist, dass für die Rodung wichtige Gründe bestehen, die das Interesse an der Walderhaltung überwiegen und zudem die folgenden Voraussetzungen erfüllt sind:
3 Nicht als wichtige Gründe gelten finanzielle Interessen, wie die möglichst einträgliche Nutzung des Bodens oder die billige Beschaffung von Land für nichtforstliche Zwecke.
3bis Hat eine Behörde über die Bewilligung für den Bau von Anlagen zur Nutzung erneuerbarer Energien und von Energietransport- und -verteilanlagen zu entscheiden, so ist bei der Interessenabwägung das nationale Interesse an der Realisierung dieser Vorhaben als gleichrangig mit anderen nationalen Interessen zu betrachten.1
4 Dem Natur- und Heimatschutz ist Rechnung zu tragen.
5 Rodungsbewilligungen sind zu befristen.
1 Eingefügt durch Ziff. I des BG vom 18. März 2016, in Kraft seit 1. Jan. 2017 (AS 2016 3207; BBl 2014 4909)."
Art. 6,  Art. 61Zuständigkeit,"1 Ausnahmebewilligungen erteilen:
2 Bevor die kantonale Behörde über eine Ausnahmebewilligung entscheidet, hört sie das Bundesamt für Umwelt2 (Bundesamt) an, wenn:
1 Fassung gemäss Ziff. I 17 des BG vom 18. Juni 1999 über die Koordination und Vereinfachung von Entscheidverfahren, in Kraft seit 1. Jan. 2000 (AS 1999 3071; BBl 1998 2591).2 Die Bezeichnung der Verwaltungseinheit wurde in Anwendung von Art. 16 Abs. 3 der Publikationsverordnung vom 17. Nov. 2004 (AS 2004 4937) angepasst."
Art. 7,  Art. 71Rodungsersatz,"1 Für jede Rodung ist in derselben Gegend mit standortgerechten Arten Realersatz zu leisten.
2 Anstelle von Realersatz können gleichwertige Massnahmen zu Gunsten des Natur- und Landschaftsschutzes getroffen werden:
3 Auf den Rodungsersatz kann verzichtet werden bei Rodungen:
4 Wird nach Absatz 3 Buchstabe a rückgewonnenes landwirtschaftliches Kulturland innerhalb von 30 Jahren einer anderen Nutzung zugeführt, so ist der Rodungsersatz nachträglich zu leisten.
1 Fassung gemäss Ziff. I des BG vom 16. März 2012, in Kraft seit 1. Juli 2013 (AS 2013 1981; BBl 2011 4397 4425).2 SR 451"
Art. 8,  Art. 81,"1 Aufgehoben durch Ziff. I des BG vom 16. März 2012, mit Wirkung seit 1. Juli 2013 (AS 2013 1981; BBl 2011 4397 4425)."
Art. 9,  Art. 9 Ausgleich,"Die Kantone sorgen dafür, dass durch Rodungsbewilligungen entstehende erhebliche Vorteile, die nicht nach Artikel 5 des Raumplanungsgesetzes vom 22. Juni 19791 erfasst werden, angemessen ausgeglichen werden.
1 SR 700"
Art. 10,  Art. 10 Waldfeststellung,"1 Wer ein schutzwürdiges Interesse nachweist, kann vom Kanton feststellen lassen, ob eine Fläche Wald ist.
2 Beim Erlass und bei der Revision von Nutzungsplänen nach dem Bundesgesetz vom 22. Juni 19791 über die Raumplanung ist eine Waldfeststellung anzuordnen in Gebieten:
3 Steht ein Begehren um Waldfeststellung in Zusammenhang mit einem Rodungsgesuch, richtet sich die Zuständigkeit nach Artikel 6. Die zuständige Bundesbehörde entscheidet auf Antrag der zuständigen kantonalen Behörde.3
1 SR 7002 Fassung gemäss Ziff. I des BG vom 16. März 2012, in Kraft seit 1. Juli 2013 (AS 2013 1981; BBl 2011 4397 4425).3 Zweiter Satz eingefügt durch Ziff. I des BG vom 18. März 2016, in Kraft seit 1. Jan. 2017 (AS 2016 3207; BBl 2014 4909)."
Art. 11,  Art. 11 Rodung und Baubewilligung,"1 Die Rodungsbewilligung befreit nicht von der Einholung der im Raumplanungsgesetz vom 22. Juni 19791 vorgesehenen Baubewilligung.
2 Erfordert ein Bauvorhaben sowohl eine Rodungsbewilligung als auch eine Ausnahmebewilligung für das Bauen ausserhalb der Bauzone, so darf diese nur im Einvernehmen mit der nach Artikel 6 dieses Gesetzes zuständigen Behörde erteilt werden.
1 SR 700"
Art. 12,  Art. 12 Einbezug von Wald in Nutzungspläne,Die Zuweisung von Wald zu einer Nutzungszone bedarf einer Rodungsbewilligung.
Art. 13,  Art. 13 Abgrenzung von Wald und Nutzungszonen1,"1 Waldgrenzen, die gemäss Artikel 10 Absatz 2 festgestellt worden sind, werden in den Nutzungsplänen eingetragen.2
2 Neue Bestockungen ausserhalb dieser Waldgrenzen gelten nicht als Wald.
3 Waldgrenzen können im Waldfeststellungsverfahren nach Artikel 10 überprüft werden, wenn die Nutzungspläne revidiert werden und sich die tatsächlichen Verhältnisse wesentlich geändert haben.3
1 Fassung gemäss Ziff. I des BG vom 16. März 2012, in Kraft seit 1. Juli 2013 (AS 2013 1981; BBl 2011 4397 4425).2 Fassung gemäss Ziff. I des BG vom 16. März 2012, in Kraft seit 1. Juli 2013 (AS 2013 1981; BBl 2011 4397 4425).3 Fassung gemäss Ziff. I des BG vom 16. März 2012, in Kraft seit 1. Juli 2013 (AS 2013 1981; BBl 2011 4397 4425)."
Art. 14,  Art. 14 Zugänglichkeit,"1 Die Kantone sorgen dafür, dass der Wald der Allgemeinheit zugänglich ist.
2 Wo es die Erhaltung des Waldes oder andere öffentliche Interessen, wie namentlich der Schutz von Pflanzen und wildlebenden Tieren erfordern, haben die Kantone:"
Art. 15,  Art. 15 Motorfahrzeugverkehr,"1 Wald und Waldstrassen dürfen nur zu forstlichen Zwecken mit Motorfahrzeugen befahren werden. Der Bundesrat regelt die Ausnahmen für militärische und andere öffentliche Aufgaben.
2 Die Kantone können zulassen, dass Waldstrassen zu weiteren Zwecken befahren werden dürfen, wenn nicht die Walderhaltung oder andere öffentliche Interessen dagegen sprechen.
3 Die Kantone sorgen für die entsprechende Signalisation und für die nötigen Kontrollen. Wo Signalisation und Kontrollen nicht genügen, können Barrieren angebracht werden."
Art. 16,  Art. 16 Nachteilige Nutzungen,"1 Nutzungen, welche keine Rodung im Sinne von Artikel 4 darstellen, jedoch die Funktionen oder die Bewirtschaftung des Waldes gefährden oder beeinträchtigen, sind unzulässig. Rechte an solchen Nutzungen sind abzulösen, wenn nötig durch Enteignung. Die Kantone erlassen die erforderlichen Bestimmungen.
2 Aus wichtigen Gründen können die zuständigen Behörden solche Nutzungen unter Auflagen und Bedingungen bewilligen.1
1 Fassung gemäss Ziff. I des BG vom 18. März 2016, in Kraft seit 1. Jan. 2017 (AS 2016 3207; BBl 2014 4909)."
Art. 17,  Art. 17 Waldabstand,"1 Bauten und Anlagen in Waldesnähe sind nur zulässig, wenn sie die Erhaltung, Pflege und Nutzung des Waldes nicht beeinträchtigen.
2 Die Kantone schreiben einen angemessenen Mindestabstand der Bauten und Anlagen vom Waldrand vor. Sie berücksichtigen dabei die Lage und die zu erwartende Höhe des Bestandes.
3 Aus wichtigen Gründen können die zuständigen Behörden die Unterschreitung des Mindestabstands unter Auflagen und Bedingungen bewilligen.1
1 Eingefügt durch Ziff. I des BG vom 18. März 2016, in Kraft seit 1. Jan. 2017 (AS 2016 3207; BBl 2014 4909)."
Art. 18,  Art. 18 Umweltgefährdende Stoffe,Im Wald dürfen keine umweltgefährdenden Stoffe verwendet werden. Die Umweltschutzgesetzgebung regelt die Ausnahmen.
Art. 19,  Art. 19,"Wo es der Schutz von Menschen oder erheblichen Sachwerten erfordert, sichern die Kantone die Lawinen-, Rutsch-, Erosions- und Steinschlaggebiete und sorgen für den forstlichen Bachverbau.1 Für die Massnahmen sind möglichst naturnahe Methoden anzuwenden.
1 Fassung gemäss Ziff. I des BG vom 18. März 2016, in Kraft seit 1. Jan. 2017 (AS 2016 3207; BBl 2014 4909)."
Art. 20,  Art. 20 Bewirtschaftungsgrundsätze,"1 Der Wald ist so zu bewirtschaften, dass er seine Funktionen dauernd und uneingeschränkt erfüllen kann (Nachhaltigkeit).
2 Die Kantone erlassen Planungs- und Bewirtschaftungsvorschriften; sie tragen dabei den Erfordernissen der Holzversorgung, des naturnahen Waldbaus und des Natur- und Heimatschutzes Rechnung.
3 Lassen es der Zustand des Waldes und die Walderhaltung zu, so kann namentlich aus ökologischen und landschaftlichen Gründen auf die Pflege und Nutzung des Waldes ganz oder teilweise verzichtet werden.
4 Die Kantone können zur Erhaltung der Artenvielfalt von Fauna und Flora angemessene Flächen als Waldreservate ausscheiden.
5 Wo es die Schutzfunktion erfordert, stellen die Kantone eine minimale Pflege sicher."
Art. 21,  Art. 21 Holznutzung,"Wer im Wald Bäume fällen will, braucht eine Bewilligung des Forstdienstes. Die Kantone können Ausnahmen vorsehen."
Art. 21,  Art. 21a1Arbeitssicherheit,"Zur Gewährleistung der Arbeitssicherheit müssen Auftragnehmerinnen und Auftragnehmer, die Holzerntearbeiten im Wald ausführen, nachweisen, dass die eingesetzten Arbeitskräfte einen vom Bund anerkannten Kurs zur Sensibilisierung über die Gefahren von forstlichen Arbeiten besucht haben.
1 Eingefügt durch Ziff. I des BG vom 18. März 2016, in Kraft seit 1. Jan. 2017 (AS 2016 3207; BBl 2014 4909)."
Art. 22,  Art. 22 Kahlschlagverbot,"1 Kahlschläge und Formen der Holznutzung, die in ihren Auswirkungen Kahlschlägen nahe kommen, sind verboten.
2 Für besondere waldbauliche Massnahmen können die Kantone Ausnahmen bewilligen."
Art. 23,  Art. 23 Wiederbestockung von Blössen,"1 Entstehen durch Eingriffe oder Naturereignisse Blössen, welche die Stabilität oder die Schutzfunktion eines Waldes gefährden, so ist sicherzustellen, dass sie wieder bestockt werden.
2 Geschieht dies nicht durch natürliche Verjüngung, so müssen die Blössen mit standortgerechten Baum- und Straucharten ausgepflanzt werden."
Art. 24,  Art. 24 Forstliches Vermehrungsgut,"1 Für forstliche Anpflanzungen dürfen nur Saatgut und Pflanzen verwendet werden, die gesund und standortgerecht sind.
2 Der Bundesrat erlässt Vorschriften über Herkunft, Verwendung, Handel und Sicherung des forstlichen Vermehrungsgutes."
Art. 25,  Art. 25 Veräusserung und Teilung,"1 Die Veräusserung von Wald im Eigentum von Gemeinden und Korporationen und die Teilung von Wald bedürfen einer kantonalen Bewilligung. Diese darf nur erteilt werden, wenn dadurch die Waldfunktionen nicht beeinträchtigt werden.
2 Bedarf die Veräusserung oder die Teilung zugleich einer Bewilligung nach dem Bundesgesetz vom 4. Oktober 19911 über das bäuerliche Bodenrecht, so sorgen die Kantone dafür, dass die Bewilligungsverfahren vereinigt und durch einen Gesamtentscheid abgeschlossen werden.
1 SR 211.412.11"
Art. 26,  Art. 261Massnahmen des Bundes,"1 Der Bundesrat erlässt Vorschriften über Massnahmen zur Verhütung und Behebung von Schäden, die durch Naturereignisse oder Schadorganismen verursacht werden und die den Wald in seinen Funktionen erheblich gefährden können.
2 Zum Schutz vor Schadorganismen kann er insbesondere den Umgang mit bestimmten Organismen, Pflanzen und Waren verbieten oder einschränken sowie Bewilligungs-, Melde-, Registrierungs- und Dokumentationspflichten einführen.
3 Der Bund sorgt für Massnahmen an der Landesgrenze sowie die Festlegung und die Koordination von kantonsübergreifenden Massnahmen der Kantone im Landesinnern.
4 Er unterhält einen eidgenössischen Pflanzenschutzdienst, der im Bereich des Waldes dem Bundesamt untersteht.
1 Fassung gemäss Ziff. I des BG vom 18. März 2016, in Kraft seit 1. Jan. 2017 (AS 2016 3207; BBl 2014 4909)."
Art. 27,  Art. 27 Massnahmen der Kantone,"1 Unter Vorbehalt von Artikel 26 ergreifen die Kantone Massnahmen gegen die Ursachen und Folgen von Schäden, welche die Erhaltung des Waldes in seinen Funktionen erheblich gefährden können. Sie überwachen insbesondere ihr Gebiet auf Schadorganismen.1
2 Sie regeln den Wildbestand so, dass die Erhaltung des Waldes, insbesondere seine natürliche Verjüngung mit standortgerechten Baumarten, ohne Schutzmassnahmen gesichert ist. Wo dies nicht möglich ist, treffen sie Massnahmen zur Verhütung von Wildschäden.
1 Fassung gemäss Ziff. I des BG vom 18. März 2016, in Kraft seit 1. Jan. 2017 (AS 2016 3207; BBl 2014 4909)."
Art. 27,  Art. 27a1Vorkehrungen gegen Schadorganismen,"1 Wer mit Pflanzenmaterial umgeht, muss die Grundsätze des Pflanzenschutzes beachten.
2 Der Bund legt unter Mitwirkung der betroffenen Kantone Strategien und Richtlinien fest für Massnahmen gegen Schadorganismen, die den Wald in seinen Funktionen erheblich gefährden können. Die Massnahmen sind darauf auszurichten, dass:
3 Inhaberinnen und Inhaber von Bäumen, Sträuchern, weiteren Pflanzen, Kulturen, Pflanzenmaterial, Produktionsmitteln und Gegenständen, die von Schadorganismen befallen sind, befallen sein könnten oder selbst Schadorganismen sind, haben deren Überwachung, Isolierung, Behandlung oder Vernichtung in Zusammenarbeit mit den zuständigen Behörden vorzunehmen oder zu dulden.
1 Eingefügt durch Ziff. I des BG vom 18. März 2016, in Kraft seit 1. Jan. 2017 (AS 2016 3207; BBl 2014 4909)."
Art. 28,  Art. 28 Ausserordentliche Vorkehren bei Waldkatastrophen,"Bei Waldkatastrophen kann die Bundesversammlung mit allgemeinverbindlichem, nicht referendumspflichtigem Bundesbeschluss Massnahmen ergreifen, die insbesondere der Erhaltung der Wald- und Holzwirtschaft dienen."
Art. 28,  Art. 28a1Vorkehrungen zum Klimawandel,"Der Bund und die Kantone ergreifen Massnahmen, welche den Wald darin unterstützen, seine Funktionen auch unter veränderten Klimabedingungen nachhaltig erfüllen zu können.
1 Eingefügt durch Ziff. I des BG vom 18. März 2016, in Kraft seit 1. Jan. 2017 (AS 2016 3207; BBl 2014 4909)."
Art. 29,  Art. 29 Ausbildungsaufgaben des Bundes,"1 Der Bund koordiniert und fördert die forstliche Ausbildung.1
2 Er sorgt in Zusammenarbeit mit den Kantonen für die theoretische und praktische forstliche Aus- und Weiterbildung auf Hochschulstufe.2
3 …3
4 Für die Berufsbildung des Forstpersonals gilt die Gesetzgebung über die Berufsbildung. Der Bundesrat legt die forstlichen Ausbildungsbereiche fest, in denen das Eidgenössische Departement für Umwelt, Verkehr, Energie und Kommunikation diese Gesetzgebung vollzieht.4
1 Fassung gemäss Ziff. I des BG vom 18. März 2016, in Kraft seit 1. Jan. 2017 (AS 2016 3207; BBl 2014 4909).2 Fassung gemäss Ziff. I des BG vom 18. März 2016, in Kraft seit 1. Jan. 2017 (AS 2016 3207; BBl 2014 4909).3 Aufgehoben durch Ziff. I des BG vom 18. März 2016, mit Wirkung seit 1. Jan. 2017 (AS 2016 3207; BBl 2014 4909).4 Fassung gemäss Anhang Ziff. II 6 des Berufsbildungsgesetzes vom 13. Dez. 2002, in Kraft seit 1. Jan. 2004 (AS 2003 4557; BBl 2000 5686)."
Art. 30,  Art. 30 Ausbildungs- und Beratungsaufgaben der Kantone,Die Kantone sorgen für die Ausbildung der Waldarbeiter und die Beratung der Waldeigentümer.
Art. 31,  Art. 31 Forschung und Entwicklung,"1 Der Bund kann für folgende Zwecke Arbeiten in Auftrag geben oder mit Finanzhilfen unterstützen:
2 Er kann Forschungsstätten schaffen und unterhalten."
Art. 32,  Art. 32 Übertragung von Aufgaben an Vereinigungen,"1 Der Bund kann Vereinigungen von gesamtschweizerischer Bedeutung mit Aufgaben betrauen, die im Interesse der Walderhaltung liegen und ihnen dafür Finanzhilfen ausrichten.
2 Er kann Aufgaben von besonderer Bedeutung für bestimmte Regionen, namentlich im Berggebiet, auch kantonalen oder regionalen Vereinigungen übertragen."
Art. 33,  Art. 33 Erhebungen,"1 Der Bund sorgt für periodische Erhebungen über die Standorte, die Funktionen und den Zustand des Waldes, über die Produktion und die Verwertung des Holzes sowie über die Strukturen und die wirtschaftliche Lage der Waldwirtschaft. Die Waldeigentümer sowie die verantwortlichen Organe von Betrieben der Wald- und Holzwirtschaft müssen den Behörden die hiezu erforderlichen Auskünfte erteilen und nötigenfalls Abklärungen dulden.
2 Personen, die mit der Durchführung oder der Auswertung von Erhebungen betraut sind, unterstehen dem Amtsgeheimnis."
Art. 34,  Art. 34 Information,Bund und Kantone sorgen für die Information der Behörden und der Öffentlichkeit über die Bedeutung und den Zustand des Waldes sowie über die Wald- und Holzwirtschaft.
Art. 34,  Art. 34a Absatz und Verwertung von Holz,"Der Bund fördert den Absatz und die Verwertung von nachhaltig produziertem Holz, insbesondere mittels der Unterstützung von innovativen Projekten."
Art. 34,  Art. 34b Bauten und Anlagen des Bundes,"1 Der Bund fördert bei der Planung, der Errichtung und dem Betrieb eigener Bauten und Anlagen soweit geeignet die Verwendung von nachhaltig produziertem Holz.
2 Bei der Beschaffung von Holzerzeugnissen berücksichtigt er die nachhaltige und naturnahe Waldbewirtschaftung sowie das Ziel der Reduktion von Treibhausgasemissionen."
Art. 35,  Art. 351Grundsätze,"1 Förderungsbeiträge nach diesem Gesetz werden im Rahmen der bewilligten Kredite unter der Voraussetzung gewährt, dass:
2 Der Bundesrat kann vorsehen, dass Beiträge nur an Empfänger ausgerichtet werden, die sich an Selbsthilfemassnahmen der Wald- und Holzwirtschaft beteiligen.
1 Fassung gemäss Ziff. II 30 des BG vom 6. Okt. 2006 zur Neugestaltung des Finanzausgleichs und der Aufgabenteilung zwischen Bund und Kantonen (NFA), in Kraft seit 1. Jan. 2008 (AS 2007 5779; BBl 2005 6029)."
Art. 36,  Art. 36 Schutz vor Naturereignissen,"1 Der Bund gewährt den Kantonen auf der Grundlage von Programmvereinbarungen globale Abgeltungen an Massnahmen, die Menschen und erhebliche Sachwerte vor Naturereignissen schützen, namentlich an:1
2 Ausnahmsweise kann er an Projekte, die eine Beurteilung durch den Bund im Einzelfall erfordern, Abgeltungen durch Verfügung gewähren.3
3 Die Höhe der Abgeltungen richtet sich nach der Gefährdung durch Naturereignisse sowie nach den Kosten und der Wirksamkeit der Massnahmen.4
1 Fassung gemäss Ziff. II 30 des BG vom 6. Okt. 2006 zur Neugestaltung des Finanzausgleichs und der Aufgabenteilung zwischen Bund und Kantonen (NFA), in Kraft seit 1. Jan. 2008 (AS 2007 5779; BBl 2005 6029).2 Fassung gemäss Ziff. II 30 des BG vom 6. Okt. 2006 zur Neugestaltung des Finanzausgleichs und der Aufgabenteilung zwischen Bund und Kantonen (NFA), in Kraft seit 1. Jan. 2008 (AS 2007 5779; BBl 2005 6029).3 Eingefügt durch Ziff. II 30 des BG vom 6. Okt. 2006 zur Neugestaltung des Finanzausgleichs und der Aufgabenteilung zwischen Bund und Kantonen (NFA), in Kraft seit 1. Jan. 2008 (AS 2007 5779; BBl 2005 6029).4 Eingefügt durch Ziff. II 30 des BG vom 6. Okt. 2006 zur Neugestaltung des Finanzausgleichs und der Aufgabenteilung zwischen Bund und Kantonen (NFA), in Kraft seit 1. Jan. 2008 (AS 2007 5779; BBl 2005 6029)."
Art. 37,  Art. 371Schutzwald,"1 Der Bund gewährt den Kantonen auf der Grundlage von Programmvereinbarungen globale Abgeltungen an Massnahmen, die für die Erfüllung der Funktion des Schutzwaldes notwendig sind, namentlich an:
1bis Ausnahmsweise kann er an Projekte, die durch ausserordentliche Naturereignisse ausgelöst werden, Abgeltungen durch Verfügung gewähren.2
2 Die Höhe der Abgeltungen richtet sich nach der zu pflegenden Schutzwaldfläche, der zu verhindernden Gefährdung und der Wirksamkeit der Massnahmen.
1 Fassung gemäss Ziff. II 30 des BG vom 6. Okt. 2006 zur Neugestaltung des Finanzausgleichs und der Aufgabenteilung zwischen Bund und Kantonen (NFA), in Kraft seit 1. Jan. 2008 (AS 2007 5779; BBl 2005 6029).2 Eingefügt durch Ziff. I des BG vom 18. März 2016, in Kraft seit 1. Jan. 2017 (AS 2016 3207; BBl 2014 4909)."
Art. 37,  Art. 37a1Massnahmen gegen Waldschäden ausserhalb des Schutzwaldes,"1 Der Bund gewährt den Kantonen auf der Grundlage von Programmvereinbarungen globale Abgeltungen an Massnahmen zur Verhütung und Behebung von Waldschäden ausserhalb des Schutzwaldes, die durch Naturereignisse oder Schadorganismen verursacht werden.
2 Ausnahmsweise kann er an Projekte, die eine Beurteilung durch den Bund im Einzelfall erfordern, Abgeltungen durch Verfügung gewähren.
3 Die Höhe der Abgeltungen richtet sich nach der zu verhindernden Gefährdung und der Wirksamkeit der Massnahmen.
1 Eingefügt durch Ziff. I des BG vom 18. März 2016, in Kraft seit 1. Jan. 2017 (AS 2016 3207; BBl 2014 4909)."
Art. 37,  Art. 37b1Abfindung für Kosten,"1 Den Adressaten von Massnahmen gegen Schadorganismen nach Artikel 27a Absatz 3 kann eine Abfindung nach Billigkeit ausgerichtet werden für Kosten der Verhütung, Bekämpfung und Wiederherstellung, die nicht nach Artikel 48a getragen werden.
2 Die Abfindungen werden von der zuständigen Behörde in einem möglichst einfachen und für die geschädigte Person kostenlosen Verfahren endgültig festgelegt.
1 Eingefügt durch Ziff. I des BG vom 18. März 2016, in Kraft seit 1. Jan. 2017 (AS 2016 3207; BBl 2014 4909)."
Art. 38,  Art. 381Biologische Vielfalt des Waldes,"1 Der Bund gewährt den Kantonen auf der Grundlage von Programmvereinbarungen globale Finanzhilfen an Massnahmen, die zur Erhaltung und Verbesserung der biologischen Vielfalt im Wald beitragen, namentlich an:2
2 …5
3 Die Höhe der Finanzhilfen richtet sich nach der Bedeutung der Massnahmen für die biologische Vielfalt und nach der Wirksamkeit der Massnahmen.
1 Fassung gemäss Ziff. II 30 des BG vom 6. Okt. 2006 zur Neugestaltung des Finanzausgleichs und der Aufgabenteilung zwischen Bund und Kantonen (NFA), in Kraft seit 1. Jan. 2008 (AS 2007 5779; BBl 2005 6029).2 Fassung gemäss Ziff. I des BG vom 18. März 2016, in Kraft seit 1. Jan. 2017 (AS 2016 3207; BBl 2014 4909).3 Fassung gemäss Ziff. I des BG vom 18. März 2016, in Kraft seit 1. Jan. 2017 (AS 2016 3207; BBl 2014 4909).4 Aufgehoben durch Ziff. I des BG vom 18. März 2016, mit Wirkung seit 1. Jan. 2017 (AS 2016 3207; BBl 2014 4909).5 Aufgehoben durch Ziff. I des BG vom 18. März 2016, mit Wirkung seit 1. Jan. 2017 (AS 2016 3207; BBl 2014 4909)."
Art. 38,  Art. 38a1Waldbewirtschaftung2,"1 Der Bund gewährt Finanzhilfen an Massnahmen, welche die Wirtschaftlichkeit der nachhaltigen Waldbewirtschaftung verbessern, namentlich an:3
2 Er gewährt Finanzhilfen:
3 Die Höhe der Finanzhilfen richtet sich nach der Wirksamkeit der Massnahmen.
1 Eingefügt durch Ziff. II 30 des BG vom 6. Okt. 2006 zur Neugestaltung des Finanzausgleichs und der Aufgabenteilung zwischen Bund und Kantonen (NFA), in Kraft seit 1. Jan. 2008 (AS 2007 5779; BBl 2005 6029).2 Fassung gemäss Ziff. I des BG vom 18. März 2016, in Kraft seit 1. Jan. 2017 (AS 2016 3207; BBl 2014 4909).3 Fassung gemäss Ziff. I des BG vom 18. März 2016, in Kraft seit 1. Jan. 2017 (AS 2016 3207; BBl 2014 4909).4 Eingefügt durch Ziff. I des BG vom 18. März 2016, in Kraft seit 1. Jan. 2017 (AS 2016 3207; BBl 2014 4909).5 Eingefügt durch Ziff. I des BG vom 18. März 2016, in Kraft seit 1. Jan. 2017 (AS 2016 3207; BBl 2014 4909).6 Eingefügt durch Ziff. I des BG vom 18. März 2016, in Kraft seit 1. Jan. 2017 (AS 2016 3207; BBl 2014 4909).7 Fassung gemäss Ziff. I des BG vom 18. März 2016, in Kraft seit 1. Jan. 2017 (AS 2016 3207; BBl 2014 4909)."
Art. 39,  Art. 39 Ausbildung,"1 Der Bund leistet an die Ausbildung des Forstpersonals Beiträge nach den Artikeln 52-59 des Berufsbildungsgesetzes vom 13. Dezember 20021.2
2 In Abweichung zu Absatz 1 übernimmt er bis zu 50 Prozent der berufsspezifischen Kosten, namentlich für die ortsgebundene praktische Ausbildung des Forstpersonals und die Schaffung von Lehrmitteln für das Forstpersonal.3
3 …4
1 SR 412.102 Fassung gemäss Anhang Ziff. II 6 des Berufsbildungsgesetzes vom 13. Dez. 2002, in Kraft seit 1. Jan. 2004 (AS 2003 4557; BBl 2000 5686).3 Fassung gemäss Anhang Ziff. II 6 des Berufsbildungsgesetzes vom 13. Dez. 2002, in Kraft seit 1. Jan. 2004 (AS 2003 4557; BBl 2000 5686).4 Aufgehoben durch Ziff. I des BG vom 18. März 2016, mit Wirkung seit 1. Jan. 2017 (AS 2016 3207; BBl 2014 4909)."
Art. 40,  Art. 40 Investitionskredite,"1 Der Bund kann unverzinsliche oder niedrig verzinsliche, rückzahlbare Darlehen gewähren:
2 Die Darlehen werden befristet.
3 Darlehen werden nur auf Antrag des Kantons gewährt. Kommt ein Schuldner seiner Rückzahlungspflicht nicht nach, so übernimmt der betreffende Kanton an seiner Stelle die Rückzahlung.
4 Rückzahlungen sind erneut für Investitionskredite einzusetzen.
1 Fassung gemäss Ziff. II 30 des BG vom 6. Okt. 2006 zur Neugestaltung des Finanzausgleichs und der Aufgabenteilung zwischen Bund und Kantonen (NFA), in Kraft seit 1. Jan. 2008 (AS 2007 5779; BBl 2005 6029)."
Art. 41,  Art. 411Bereitstellung der Beiträge,"1 Die Bundesversammlung bewilligt mit einfachem Bundesbeschluss einen jeweils auf vier Jahre befristeten Rahmenkredit für die Zusicherung von Beiträgen und Darlehen.
2 Beiträge an die Bewältigung ausserordentlicher Naturereignisse werden nach der Dauer der entsprechenden Massnahmen befristet.
1 Fassung gemäss Ziff. II 30 des BG vom 6. Okt. 2006 zur Neugestaltung des Finanzausgleichs und der Aufgabenteilung zwischen Bund und Kantonen (NFA), in Kraft seit 1. Jan. 2008 (AS 2007 5779; BBl 2005 6029)."
Art. 41,  Art. 41a,"1 Zur Förderung von Qualität und Absatz kann der Bundesrat Vorschriften über die freiwillige Kennzeichnung der Herkunft von waldwirtschaftlichen Erzeugnissen und deren Verarbeitungsprodukten erlassen.
2 Für die Registrierung und den Schutz der Bezeichnungen sowie die Verfahren gilt das Bundesgesetz vom 29. April 19981 über die Landwirtschaft.
1 SR 910.1"
Art. 42,  Art. 42 Vergehen,"1 Mit Freiheitsstrafe bis zu einem Jahr oder Geldstrafe wird bestraft, wer vorsätzlich:1
2 Handelt der Täter fahrlässig, ist die Strafe Busse bis zu 40 000 Franken.
1 Fassung gemäss Art. 333 des Strafgesetzbuches (SR 311.0) in der Fassung des BG vom 13. Dez. 2002, in Kraft seit 1. Jan. 2007 (AS 2006 3459; BBl 1999 1979)."
Art. 43,  Art. 43 Übertretungen,"1 Mit Busse bis zu 20 000 Franken wird bestraft, wer vorsätzlich und ohne Berechtigung:1
2 Versuch und Gehilfenschaft sind strafbar.
3 Handelt der Täter fahrlässig, ist die Strafe Busse.
4 Die Kantone können Widerhandlungen gegen kantonales Recht als Übertretungen ahnden.
1 Fassung gemäss Art. 333 des Strafgesetzbuches (SR 311.0) in der Fassung des BG vom 13. Dez. 2002, in Kraft seit 1. Jan. 2007 (AS 2006 3459; BBl 1999 1979).2 SR 311.03 [BS 6 465; AS 1956 587, 1959 1343 Art. 11 Ziff. III, 1973 644, 1974 1857 Anhang Ziff. 7, 1980 1793 Ziff. I 1, 1992 1670 Ziff. III, 1994 1634 Ziff. I 3, 1995 1816, 1996 3371 Anhang 2 Ziff. 2, 1997 2465 Anhang Ziff. 13, 2000 1300 Art. 92 1891 Ziff. VI 6, 2002 248 Ziff. I 1 Art. 41, 2004 4763 Anhang Ziff. II 1, 2006 2197 Anhang Ziff. 50. AS 2007 1411 Art. 131 Abs. 1]. Siehe heute: das Zollgesetz vom 18. März 2005 (SR 631.0)."
Art. 44,  Art. 44 Vergehen und Übertretungen in Geschäftsbetrieben,"Wird das Vergehen oder die Übertretung im Geschäftsbetrieb einer juristischen Person, einer Personengesellschaft oder einer Einzelfirma oder im Betrieb einer Körperschaft oder Anstalt des öffentlichen Rechts begangen, so gelten die Artikel 6 und 7 des Verwaltungsstrafrechtsgesetzes vom 22. März 19741.
1 SR 313.0"
Art. 45,  Art. 45 Strafverfolgung,Die Strafverfolgung ist Sache der Kantone.
Art. 46,  Art. 46 Rechtspflege,"1 Das Beschwerdeverfahren richtet sich nach den allgemeinen Bestimmungen über die Bundesrechtspflege.1
1bis und 1ter …2
2 Das Bundesamt3 ist berechtigt, gegen Verfügungen der kantonalen Behörden in Anwendung dieses Gesetzes und seiner Ausführungserlasse, die Rechtsmittel des eidgenössischen und kantonalen Rechts zu ergreifen.
3 Das Beschwerderecht der Kantone, Gemeinden und Vereinigungen für Natur- und Heimatschutz richtet sich nach den Artikeln 12-12g des Bundesgesetzes vom 1. Juli 19664 über den Natur- und Heimatschutz.5 Es ist auch gegen Verfügungen gegeben, die gestützt auf Artikel 5, 7, 8, 10, 12 und 13 dieses Gesetzes erlassen werden.
4 Der Bundesrat kann in den Ausführungserlassen ein Einspracheverfahren gegen erstinstanzliche Verfügungen vorsehen.6
1 Fassung gemäss Anhang Ziff. 127 des Verwaltungsgerichtsgesetzes vom 17. Juni 2005, in Kraft seit 1. Jan. 2007 (AS 2006 2197 1069; BBl 2001 4202).2 Eingefügt durch Anhang Ziff. 9 des Gentechnikgesetzes vom 21. März 2003 (AS 2003 4803; BBl 2000 2391). Aufgehoben durch Anhang Ziff. 127 des Verwaltungsgerichtsgesetzes vom 17. Juni 2005, mit Wirkung seit 1. Jan. 2007 (AS 2006 2197 1069; BBl 2001 4202).3 Ausdruck gemäss Ziff. I 17 des BG vom 18. Juni 1999 über die Koordination und Vereinfachung von Entscheidverfahren, in Kraft seit 1. Jan. 2000 (AS 1999 3071; BBl 1998 2591).4 SR 4515 Fassung gemäss Ziff. I des BG vom 18. März 2016, in Kraft seit 1. Jan. 2017 (AS 2016 3207; BBl 2014 4909).6 Eingefügt durch Ziff. I des BG vom 18. März 2016, in Kraft seit 1. Jan. 2017 (AS 2016 3207; BBl 2014 4909)."
Art. 47,  Art. 47 Wirksamkeit von Bewilligungen und Anordnungen,"Bewilligungen und Anordnungen nach diesem Gesetz werden erst wirksam, wenn sie in Rechtskraft erwachsen sind. Vorbehalten bleibt Artikel 12e des Bundesgesetzes vom 1. Juli 19661 über den Natur- und Heimatschutz.2
1 SR 4512 Zweiter Satz eingefügt durch Ziff. I des BG vom 18. März 2016, in Kraft seit 1. Jan. 2017 (AS 2016 3207; BBl 2014 4909)."
Art. 48,  Art. 48 Enteignung,"1 Wenn Massnahmen zur Walderhaltung oder die Erstellung von Bauten und Anlagen zum Schutze vor Naturereignissen es erfordern, können sich die Kantone das benötigte Grundeigentum und allfällige Dienstbarkeiten durch Enteignung verschaffen.
2 Sie können in ihren Ausführungsvorschriften das Enteignungsgesetz vom 20. Juni 19301 anwendbar erklären, wobei die Kantonsregierung über streitig gebliebene Einsprachen entscheidet. Erstreckt sich der Gegenstand der Enteignung auf das Gebiet mehrerer Kantone, ist das Bundesgesetz über die Enteignung anwendbar.
1 SR 711"
Art. 48,  Art. 48a1Kostentragung durch Verursacher,"Die Kosten von Massnahmen, welche die Behörden zur Abwehr einer unmittelbar drohenden Gefährdung oder Beeinträchtigung des Waldes sowie zu deren Feststellung und Behebung treffen oder anordnen, werden dem schuldhaften Verursacher überbunden.
1 Eingefügt durch Ziff. I des BG vom 18. März 2016, in Kraft seit 1. Jan. 2017 (AS 2016 3207; BBl 2014 4909)."
Art. 49,  Art. 491Bund,"1 Der Bund beaufsichtigt den Vollzug dieses Gesetzes und vollzieht die ihm durch das Gesetz direkt übertragenen Aufgaben.
1bis Er koordiniert seine Vollzugsmassnahmen mit denjenigen der Kantone.2
2 Bevor eine Bundesbehörde gestützt auf ein anderes Bundesgesetz oder einen Staatsvertrag eine Verfügung in Anwendung des Waldgesetzes erlässt, hört sie die betroffenen Kantone an. Das Bundesamt und die übrigen betroffenen Bundesstellen wirken nach den Artikeln 62a und 62b des Regierungs- und Verwaltungsorganisationsgesetzes vom 21. März 19973 beim Vollzug mit.
3 Der Bundesrat erlässt Ausführungsvorschriften. Er kann den Erlass von Vorschriften vorwiegend technischer oder administrativer Natur auf das Eidgenössische Departement für Umwelt, Verkehr, Energie und Kommunikation oder seine Dienststellen sowie auf nachgeordnete Bundesämter übertragen.4
1 Fassung gemäss Ziff. I 17 des BG vom 18. Juni 1999 über die Koordination und Vereinfachung von Entscheidverfahren, in Kraft seit 1. Jan. 2000 (AS 1999 3071; BBl 1998 2591).2 Eingefügt durch Ziff. I des BG vom 18. März 2016, in Kraft seit 1. Jan. 2017 (AS 2016 3207; BBl 2014 4909).3 SR 172.0104 Zweiter Satz eingefügt durch Ziff. I des BG vom 18. März 2016, in Kraft seit 1. Jan. 2017 (AS 2016 3207; BBl 2014 4909)."
Art. 50,  Art. 50 Kantone,"1 Die Kantone vollziehen dieses Gesetz und erlassen die notwendigen Vorschriften; vorbehalten bleibt Artikel 49.
2 Die kantonalen Behörden treffen umgehend die nötigen Massnahmen zur Beseitigung rechtswidriger Zustände. Sie sind zur Erhebung von Kautionen und zur Ersatzvornahme befugt."
Art. 50,  Art. 50a1Auslagerung von Vollzugsaufgaben,"Die Vollzugsbehörden können öffentlich-rechtliche Körperschaften oder Private gegen Entschädigung mit der Durchführung von Kontrollen oder weiteren Vollzugsmassnahmen beauftragen.
1 Eingefügt durch Ziff. I des BG vom 18. März 2016, in Kraft seit 1. Jan. 2017 (AS 2016 3207; BBl 2014 4909)."
Art. 51,  Art. 51 Forstorganisation,"1 Die Kantone sorgen für eine zweckmässige Organisation des Forstdienstes.
2 Sie teilen ihre Gebiete in Forstkreise und Forstreviere ein. Diese werden durch Waldfachleute mit höherer Ausbildung und praktischer Erfahrung geleitet.1
1 Fassung gemäss Ziff. I des BG vom 18. März 2016, in Kraft seit 1. Jan. 2017 (AS 2016 3207; BBl 2014 4909)."
Art. 52,  Art. 52 Genehmigungsvorbehalt,"Die kantonalen Ausführungsbestimmungen zu den Artikeln 16 Absatz 1, 17 Absatz 2 und 20 Absatz 2 bedürfen zu ihrer Gültigkeit der Genehmigung des Bundes."
Art. 53,  Art. 53 Mitteilungspflichten,"1 Alle kantonalen Ausführungsbestimmungen müssen vor ihrer Inkraftsetzung dem Bundesamt mitgeteilt werden.
2 Das Eidgenössische Departement für Umwelt, Verkehr, Energie und Kommunikation legt fest, welche kantonalen Verfügungen und Entscheide dem Bundesamt mitgeteilt werden müssen."
Art. 54,  Art. 54 Aufhebung bisherigen Rechts,"Es werden aufgehoben:
1 [BS 9 521; AS 1954 559 Ziff. I 5, 1956 1215, 1965 321 Art. 60, 1969 500, 1971 1190, 1977 2249 Ziff. I 11.11, 1985 660 Ziff. I 23, 1988 1696 Art. 7]2 [AS 1970 761]3 [AS 1957 317, 1977 2249 Ziff. I 11.12]4 [AS 1988 1696]"
Art. 55,  Art. 55 Änderung bisherigen Rechts,"…1
1 Die Änderungen können unter AS 1992 2521 konsultiert werden."
Art. 56,  Art. 56 Übergangsbestimmungen,"1 Für die beim Inkrafttreten dieses Gesetzes hängigen Verfahren gilt das neue Recht. Die nach dem alten Recht zuständige Behörde erledigt die hängigen Verfahren.
2 Unbefristete Rodungsbewilligungen fallen zwei Jahre nach Inkrafttreten dieses Gesetzes dahin. Die zuständige Behörde kann auf Gesuch hin im Einzelfall eine zusätzliche Frist festlegen, sofern die Rodungsvoraussetzungen erfüllt sind. Das Gesuch ist vor Ablauf der Verfallfrist einzureichen. Die Anpassung von Verfügungen an das neue Recht bleibt vorbehalten.
3 Die Auftragnehmerinnen und Auftragnehmer, die Holzerntearbeiten im Wald ausführen, sind bis 5 Jahre nach Inkrafttreten dieses Gesetzes von der Pflicht gemäss Artikel 21a befreit, wonach sie nachzuweisen haben, dass die eingesetzten Arbeitskräfte einen vom Bund anerkannten Kurs zur Sensibilisierung über die Gefahren von forstlichen Arbeiten besucht haben.1
1 Eingefügt durch Ziff. I des BG vom 18. März 2016, in Kraft seit 1. Jan. 2017 (AS 2016 3207; BBl 2014 4909)."
Art. 57,  Art. 57 Referendum und Inkrafttreten,"1 Dieses Gesetz untersteht dem fakultativen Referendum.
2 Der Bundesrat bestimmt das Inkrafttreten."
